INSERT INTO usuarios (id,login,password,nickname,email) VALUES (1,'israel','jc8209*(^GCHN_(hcLA','Israel','israel@platziblog.com');

INSERT INTO usuarios (id,login,password,nickname,email) VALUES (2,'monica','(*&^LKJDHC_(*#YDLKJHODG','Moni','monica@platziblog.com');

INSERT INTO usuarios (id,login,password,nickname,email) VALUES (3,'laura','LKDJ)_*(-c.M:\"[pOwHDˆåßƒ∂','Lau','laura@platziblog.com');

INSERT INTO usuarios (id,login,password,nickname,email) VALUES (4,'edgar','LLiy)CX*Y:M<A<SC_(*N>O','Ed','edgar@platziblog.com');

INSERT INTO usuarios (id,login,password,nickname,email) VALUES (5,'perezoso','&N_*JS)_Y)*(&TGOKS','Oso Pérez','perezoso@platziblog.com');

INSERT INTO categorias (id,nombre) VALUES (1,'Ciencia');
INSERT INTO categorias (id,nombre) VALUES (2,'Tecnología');
INSERT INTO categorias (id,nombre) VALUES (3,'Deportes');
INSERT INTO categorias (id,nombre) VALUES (4,'Espectáculos');
INSERT INTO categorias (id,nombre) VALUES (5,'Economía');

INSERT INTO etiquetas (id,nombre) VALUES (1,'Robótica');
INSERT INTO etiquetas (id,nombre) VALUES (2,'Computación');
INSERT INTO etiquetas (id,nombre) VALUES (3,'Teléfonos Móviles');
INSERT INTO etiquetas (id,nombre) VALUES (4,'Automovilismo');
INSERT INTO etiquetas (id,nombre) VALUES (5,'Campeonatos');
INSERT INTO etiquetas (id,nombre) VALUES (6,'Equipos');
INSERT INTO etiquetas (id,nombre) VALUES (7,'Bolsa de valores');
INSERT INTO etiquetas (id,nombre) VALUES (8,'Inversiones');
INSERT INTO etiquetas (id,nombre) VALUES (9,'Brokers');
INSERT INTO etiquetas (id,nombre) VALUES (10,'Celebridades');
INSERT INTO etiquetas (id,nombre) VALUES (11,'Eventos');
INSERT INTO etiquetas (id,nombre) VALUES (12,'Moda');
INSERT INTO etiquetas (id,nombre) VALUES (13,'Avances');
INSERT INTO etiquetas (id,nombre) VALUES (14,'Nobel');
INSERT INTO etiquetas (id,nombre) VALUES (15,'Matemáticas');
INSERT INTO etiquetas (id,nombre) VALUES (16,'Química');
INSERT INTO etiquetas (id,nombre) VALUES (17,'Física');
INSERT INTO etiquetas (id,nombre) VALUES (18,'Largo plazo');
INSERT INTO etiquetas (id,nombre) VALUES (19,'Bienes Raíces');
INSERT INTO etiquetas (id,nombre) VALUES (20,'Estilo');
INSERT INTO posts_etiquetas (id,post_id,etiqueta_id) VALUES (1,43,3);
INSERT INTO posts_etiquetas (id,post_id,etiqueta_id) VALUES (2,43,11);
INSERT INTO posts_etiquetas (id,post_id,etiqueta_id) VALUES (3,44,2);
INSERT INTO posts_etiquetas (id,post_id,etiqueta_id) VALUES (4,44,4);
INSERT INTO posts_etiquetas (id,post_id,etiqueta_id) VALUES (5,45,14);
INSERT INTO posts_etiquetas (id,post_id,etiqueta_id) VALUES (6,45,13);
INSERT INTO posts_etiquetas (id,post_id,etiqueta_id) VALUES (7,46,10);
INSERT INTO posts_etiquetas (id,post_id,etiqueta_id) VALUES (8,46,11);
INSERT INTO posts_etiquetas (id,post_id,etiqueta_id) VALUES (9,46,12);
INSERT INTO posts_etiquetas (id,post_id,etiqueta_id) VALUES (10,46,20);
INSERT INTO posts_etiquetas (id,post_id,etiqueta_id) VALUES (11,47,10);
INSERT INTO posts_etiquetas (id,post_id,etiqueta_id) VALUES (12,48,1);
INSERT INTO posts_etiquetas (id,post_id,etiqueta_id) VALUES (13,48,2);
INSERT INTO posts_etiquetas (id,post_id,etiqueta_id) VALUES (14,48,4);
INSERT INTO posts_etiquetas (id,post_id,etiqueta_id) VALUES (15,48,13);
INSERT INTO posts_etiquetas (id,post_id,etiqueta_id) VALUES (16,49,13);
INSERT INTO posts_etiquetas (id,post_id,etiqueta_id) VALUES (17,49,14);
INSERT INTO posts_etiquetas (id,post_id,etiqueta_id) VALUES (18,49,17);
INSERT INTO posts_etiquetas (id,post_id,etiqueta_id) VALUES (19,50,13);
INSERT INTO posts_etiquetas (id,post_id,etiqueta_id) VALUES (20,50,14);
INSERT INTO posts_etiquetas (id,post_id,etiqueta_id) VALUES (21,50,16);
INSERT INTO posts_etiquetas (id,post_id,etiqueta_id) VALUES (22,51,7);
INSERT INTO posts_etiquetas (id,post_id,etiqueta_id) VALUES (23,51,8);
INSERT INTO posts_etiquetas (id,post_id,etiqueta_id) VALUES (24,51,9);
INSERT INTO posts_etiquetas (id,post_id,etiqueta_id) VALUES (25,51,18);
INSERT INTO posts_etiquetas (id,post_id,etiqueta_id) VALUES (26,52,8);
INSERT INTO posts_etiquetas (id,post_id,etiqueta_id) VALUES (27,52,18);
INSERT INTO posts_etiquetas (id,post_id,etiqueta_id) VALUES (28,53,7);
INSERT INTO posts_etiquetas (id,post_id,etiqueta_id) VALUES (29,53,8);
INSERT INTO posts_etiquetas (id,post_id,etiqueta_id) VALUES (30,54,4);
INSERT INTO posts_etiquetas (id,post_id,etiqueta_id) VALUES (31,54,5);
INSERT INTO posts_etiquetas (id,post_id,etiqueta_id) VALUES (32,55,5);
INSERT INTO posts_etiquetas (id,post_id,etiqueta_id) VALUES (33,55,6);
INSERT INTO posts_etiquetas (id,post_id,etiqueta_id) VALUES (34,56,5);
INSERT INTO posts_etiquetas (id,post_id,etiqueta_id) VALUES (35,56,6);
INSERT INTO posts_etiquetas (id,post_id,etiqueta_id) VALUES (36,56,10);
INSERT INTO posts_etiquetas (id,post_id,etiqueta_id) VALUES (37,58,2);
INSERT INTO posts_etiquetas (id,post_id,etiqueta_id) VALUES (38,58,3);
INSERT INTO posts_etiquetas (id,post_id,etiqueta_id) VALUES (39,58,13);
INSERT INTO posts_etiquetas (id,post_id,etiqueta_id) VALUES (40,59,1);
INSERT INTO posts_etiquetas (id,post_id,etiqueta_id) VALUES (41,59,13);
INSERT INTO posts_etiquetas (id,post_id,etiqueta_id) VALUES (42,57,10);
INSERT INTO posts_etiquetas (id,post_id,etiqueta_id) VALUES (43,60,5);
INSERT INTO posts_etiquetas (id,post_id,etiqueta_id) VALUES (44,60,6);
INSERT INTO posts_etiquetas (id,post_id,etiqueta_id) VALUES (45,61,10);
INSERT INTO posts_etiquetas (id,post_id,etiqueta_id) VALUES (46,61,12);
INSERT INTO posts_etiquetas (id,post_id,etiqueta_id) VALUES (47,61,20);
INSERT INTO posts_etiquetas (id,post_id,etiqueta_id) VALUES (48,62,5);
INSERT INTO posts_etiquetas (id,post_id,etiqueta_id) VALUES (49,62,10);
INSERT INTO posts_etiquetas (id,post_id,etiqueta_id) VALUES (50,63,13);
INSERT INTO posts_etiquetas (id,post_id,etiqueta_id) VALUES (51,63,14);
INSERT INTO posts_etiquetas (id,post_id,etiqueta_id) VALUES (52,63,17);
INSERT INTO posts_etiquetas (id,post_id,etiqueta_id) VALUES (53,52,19);
